[{"model": "main.stadium", "pk": 1, "fields": {"name": "Etihad Stadium", "localization": "Manchester, Anglia"}}, {"model": "main.stadium", "pk": 2, "fields": {"name": "Emirates Stadium", "localization": "Londyn, Anglia"}}, {"model": "main.stadium", "pk": 3, "fields": {"name": "Stamford Bridge", "localization": "Londyn, Anglia"}}, {"model": "main.stadium", "pk": 4, "fields": {"name": "Anfield Road", "localization": "Liverpool"}}, {"model": "main.team", "pk": 1, "fields": {"name": "Manchester City", "manager": "Pep Guardiola", "owner": "City Football Group", "established": "1880-05-15", "stadium": 1}}, {"model": "main.team", "pk": 2, "fields": {"name": "Arsenal", "manager": "Mikel Arteta", "owner": "Kroenke Sports & Entertainment", "established": "1886-05-15", "stadium": 2}}, {"model": "main.team", "pk": 3, "fields": {"name": "Chelsea", "manager": "Frank Lampard", "owner": "Todd Boehly", "established": "1905-03-10", "stadium": 3}}, {"model": "main.team", "pk": 4, "fields": {"name": "Liverpool", "manager": "Jurgen Klopp", "owner": "Patas Patastopoulos", "established": "1885-09-04", "stadium": 4}}, {"model": "main.player", "pk": 1, "fields": {"first_name": "Erling", "last_name": "Haaland", "shirt_number": 9, "birth_date": "2000-07-21", "height": 194, "weight": 88, "team": 1, "position": "CS", "favourite": 26}}, {"model": "main.player", "pk": 2, "fields": {"first_name": "Kevin", "last_name": "De Bruyne", "shirt_number": 17, "birth_date": "1991-06-28", "height": 181, "weight": 70, "team": 1, "position": "CM", "favourite": 33}}, {"model": "main.player", "pk": 3, "fields": {"first_name": "Phil", "last_name": "Foden", "shirt_number": 47, "birth_date": "2000-05-28", "height": 171, "weight": 70, "team": 1, "position": "SUB", "favourite": 53}}, {"model": "main.player", "pk": 4, "fields": {"first_name": "Kyle", "last_name": "Walker", "shirt_number": 2, "birth_date": "1990-05-28", "height": 178, "weight": 83, "team": 1, "position": "LB", "favourite": 86}}, {"model": "main.player", "pk": 5, "fields": {"first_name": "Ederson", "last_name": "Santana de Moraes", "shirt_number": 1, "birth_date": "2000-12-01", "height": 194, "weight": 81, "team": 1, "position": "GK", "favourite": 19}}, {"model": "main.player", "pk": 6, "fields": {"first_name": "Kai", "last_name": "Havertz", "shirt_number": 9, "birth_date": "1998-08-19", "height": 186, "weight": 78, "team": 3, "position": "CS", "favourite": 45}}, {"model": "main.player", "pk": 7, "fields": {"first_name": "Edouard", "last_name": "Mendy", "shirt_number": 1, "birth_date": "1989-06-13", "height": 198, "weight": 82, "team": 3, "position": "GK", "favourite": 31}}, {"model": "main.player", "pk": 8, "fields": {"first_name": "Reece", "last_name": "James", "shirt_number": 4, "birth_date": "2001-05-19", "height": 179, "weight": 75, "team": 3, "position": "RB", "favourite": 81}}, {"model": "main.player", "pk": 9, "fields": {"first_name": "Raheem", "last_name": "Sterling", "shirt_number": 7, "birth_date": "1996-07-11", "height": 170, "weight": 64, "team": 3, "position": "LS", "favourite": 20}}, {"model": "main.player", "pk": 10, "fields": {"first_name": "Martin", "last_name": "Odegaard", "shirt_number": 8, "birth_date": "2000-07-16", "height": 171, "weight": 65, "team": 2, "position": "CM", "favourite": 57}}, {"model": "main.player", "pk": 11, "fields": {"first_name": "Gabriel", "last_name": "Jesus", "shirt_number": 9, "birth_date": "1999-09-14", "height": 169, "weight": 68, "team": 2, "position": "CS", "favourite": 14}}, {"model": "main.player", "pk": 12, "fields": {"first_name": "Granit", "last_name": "Xhaka", "shirt_number": 7, "birth_date": "1994-01-15", "height": 175, "weight": 75, "team": 2, "position": "CM", "favourite": 38}}, {"model": "main.player", "pk": 13, "fields": {"first_name": "Ołeksandr", "last_name": "Zinczenko", "shirt_number": 2, "birth_date": "2000-12-01", "height": 176, "weight": 66, "team": 2, "position": "LB", "favourite": 50}}, {"model": "main.player", "pk": 14, "fields": {"first_name": "Bukayo", "last_name": "Saka", "shirt_number": 11, "birth_date": "2001-12-16", "height": 168, "weight": 71, "team": 2, "position": "RS", "favourite": 41}}, {"model": "main.player", "pk": 15, "fields": {"first_name": "Kieran", "last_name": "Tierney", "shirt_number": 3, "birth_date": "1995-04-16", "height": 173, "weight": 74, "team": 2, "position": "CB", "favourite": 21}}, {"model": "main.player", "pk": 16, "fields": {"first_name": "Trent Aleksander", "last_name": "Arnold", "shirt_number": 2, "birth_date": "1998-08-19", "height": 178, "weight": 76, "team": 4, "position": "RB", "favourite": 51}}, {"model": "main.player", "pk": 17, "fields": {"first_name": "Mohamed", "last_name": "Salah", "shirt_number": 9, "birth_date": "1993-05-19", "height": 173, "weight": 71, "team": 4, "position": "RS", "favourite": 89}}, {"model": "main.player", "pk": 18, "fields": {"first_name": "Darwin", "last_name": "Nunez", "shirt_number": 11, "birth_date": "2001-05-19", "height": 182, "weight": 71, "team": 4, "position": "LS", "favourite": 38}}, {"model": "main.player", "pk": 19, "fields": {"first_name": "Virgil", "last_name": "van Dijk", "shirt_number": 4, "birth_date": "1989-06-13", "height": 194, "weight": 90, "team": 4, "position": "CB", "favourite": 68}}, {"model": "main.player", "pk": 20, "fields": {"first_name": "Jordan", "last_name": "Henderson", "shirt_number": 6, "birth_date": "1989-06-13", "height": 186, "weight": 89, "team": 4, "position": "CM", "favourite": 48}}, {"model": "main.match", "pk": 1, "fields": {"host": 1, "guest": 4, "stadium": 1, "date": "2023-05-16", "match_round": 1}}, {"model": "main.match", "pk": 2, "fields": {"host": 2, "guest": 3, "stadium": 2, "date": "2023-04-03", "match_round": 1}}, {"model": "main.match", "pk": 3, "fields": {"host": 1, "guest": 3, "stadium": 1, "date": "2023-06-03", "match_round": 2}}, {"model": "main.match", "pk": 4, "fields": {"host": 2, "guest": 4, "stadium": 2, "date": "2023-06-04", "match_round": 2}}, {"model": "main.match", "pk": 5, "fields": {"host": 2, "guest": 1, "stadium": 2, "date": "2023-06-10", "match_round": 3}}, {"model": "main.match", "pk": 6, "fields": {"host": 3, "guest": 4, "stadium": 3, "date": "2023-06-11", "match_round": 3}}, {"model": "main.match", "pk": 7, "fields": {"host": 4, "guest": 1, "stadium": 4, "date": "2023-06-17", "match_round": 4}}, {"model": "main.match", "pk": 8, "fields": {"host": 3, "guest": 2, "stadium": 3, "date": "2023-06-18", "match_round": 4}}, {"model": "main.event", "pk": 1, "fields": {"event_type": "GOAL", "minute": 54, "player": 1, "match": 1}}, {"model": "main.event", "pk": 2, "fields": {"event_type": "FKCK", "minute": 23, "player": 1, "match": 1}}, {"model": "main.event", "pk": 3, "fields": {"event_type": "ASST", "minute": 34, "player": 2, "match": 1}}, {"model": "main.event", "pk": 4, "fields": {"event_type": "YCAR", "minute": 12, "player": 1, "match": 1}}, {"model": "main.event", "pk": 5, "fields": {"event_type": "RCAR", "minute": 89, "player": 3, "match": 1}}, {"model": "main.event", "pk": 6, "fields": {"event_type": "GPEN", "minute": 82, "player": 2, "match": 1}}, {"model": "main.event", "pk": 7, "fields": {"event_type": "GOAL", "minute": 16, "player": 1, "match": 3}}, {"model": "main.event", "pk": 8, "fields": {"event_type": "GOAL", "minute": 12, "player": 10, "match": 4}}, {"model": "main.event", "pk": 9, "fields": {"event_type": "GOAL", "minute": 46, "player": 13, "match": 4}}, {"model": "main.event", "pk": 10, "fields": {"event_type": "GOAL", "minute": 76, "player": 11, "match": 4}}, {"model": "main.event", "pk": 11, "fields": {"event_type": "GOAL", "minute": 4, "player": 17, "match": 4}}, {"model": "main.event", "pk": 12, "fields": {"event_type": "GOAL", "minute": 90, "player": 17, "match": 4}}, {"model": "main.event", "pk": 13, "fields": {"event_type": "GOAL", "minute": 41, "player": 10, "match": 2}}, {"model": "main.event", "pk": 14, "fields": {"event_type": "GOAL", "minute": 51, "player": 13, "match": 2}}, {"model": "main.event", "pk": 15, "fields": {"event_type": "GOAL", "minute": 54, "player": 6, "match": 2}}, {"model": "main.event", "pk": 16, "fields": {"event_type": "GOAL", "minute": 12, "player": 14, "match": 5}}, {"model": "main.event", "pk": 17, "fields": {"event_type": "GOAL", "minute": 56, "player": 16, "match": 6}}, {"model": "main.event", "pk": 18, "fields": {"event_type": "GOAL", "minute": 15, "player": 9, "match": 6}}, {"model": "main.event", "pk": 19, "fields": {"event_type": "GOAL", "minute": 18, "player": 8, "match": 6}}, {"model": "main.event", "pk": 20, "fields": {"event_type": "GOAL", "minute": 89, "player": 6, "match": 6}}, {"model": "main.event", "pk": 21, "fields": {"event_type": "GOAL", "minute": 14, "player": 1, "match": 7}}, {"model": "main.event", "pk": 22, "fields": {"event_type": "GOAL", "minute": 18, "player": 1, "match": 7}}, {"model": "main.event", "pk": 23, "fields": {"event_type": "GOAL", "minute": 45, "player": 1, "match": 7}}, {"model": "main.event", "pk": 24, "fields": {"event_type": "GOAL", "minute": 68, "player": 17, "match": 7}}, {"model": "main.event", "pk": 25, "fields": {"event_type": "GOAL", "minute": 51, "player": 9, "match": 8}}, {"model": "main.event", "pk": 26, "fields": {"event_type": "GOAL", "minute": 14, "player": 8, "match": 8}}, {"model": "main.event", "pk": 27, "fields": {"event_type": "GOAL", "minute": 19, "player": 16, "match": 7}}, {"model": "main.change", "pk": 1, "fields": {"in_player": 3, "out_player": 2, "minute": 77, "match": 1}}, {"model": "admin.logentry", "pk": 1, "fields": {"action_time": "2023-05-15T17:43:16.279Z", "user": 1, "content_type": 1, "object_id": "1", "object_repr": "Stadium object (1)", "action_flag": 1, "change_message": "[{\"added\": {}}]"}}, {"model": "admin.logentry", "pk": 2, "fields": {"action_time": "2023-05-15T17:45:13.799Z", "user": 1, "content_type": 1, "object_id": "1", "object_repr": "Stadium object (1)", "action_flag": 2, "change_message": "[]"}}, {"model": "admin.logentry", "pk": 3, "fields": {"action_time": "2023-05-15T17:45:49.558Z", "user": 1, "content_type": 2, "object_id": "1", "object_repr": "Team object (1)", "action_flag": 1, "change_message": "[{\"added\": {}}]"}}, {"model": "admin.logentry", "pk": 4, "fields": {"action_time": "2023-05-15T17:46:54.371Z", "user": 1, "content_type": 3, "object_id": "1", "object_repr": "Player object (1)", "action_flag": 1, "change_message": "[{\"added\": {}}]"}}, {"model": "admin.logentry", "pk": 5, "fields": {"action_time": "2023-05-15T21:22:43.596Z", "user": 1, "content_type": 1, "object_id": "2", "object_repr": "Stadium object (2)", "action_flag": 1, "change_message": "[{\"added\": {}}]"}}, {"model": "admin.logentry", "pk": 6, "fields": {"action_time": "2023-05-15T21:23:21.854Z", "user": 1, "content_type": 1, "object_id": "3", "object_repr": "Stadium object (3)", "action_flag": 1, "change_message": "[{\"added\": {}}]"}}, {"model": "admin.logentry", "pk": 7, "fields": {"action_time": "2023-05-15T21:24:54.417Z", "user": 1, "content_type": 2, "object_id": "2", "object_repr": "Team object (2)", "action_flag": 1, "change_message": "[{\"added\": {}}]"}}, {"model": "admin.logentry", "pk": 8, "fields": {"action_time": "2023-05-15T21:26:10.172Z", "user": 1, "content_type": 2, "object_id": "3", "object_repr": "Team object (3)", "action_flag": 1, "change_message": "[{\"added\": {}}]"}}, {"model": "admin.logentry", "pk": 9, "fields": {"action_time": "2023-05-15T22:15:56.907Z", "user": 1, "content_type": 4, "object_id": "1", "object_repr": "Match object (1)", "action_flag": 1, "change_message": "[{\"added\": {}}]"}}, {"model": "admin.logentry", "pk": 10, "fields": {"action_time": "2023-05-15T22:16:14.486Z", "user": 1, "content_type": 4, "object_id": "2", "object_repr": "Match object (2)", "action_flag": 1, "change_message": "[{\"added\": {}}]"}}, {"model": "admin.logentry", "pk": 11, "fields": {"action_time": "2023-05-15T22:16:34.349Z", "user": 1, "content_type": 5, "object_id": "1", "object_repr": "Event object (1)", "action_flag": 1, "change_message": "[{\"added\": {}}]"}}, {"model": "admin.logentry", "pk": 12, "fields": {"action_time": "2023-05-15T22:16:49.377Z", "user": 1, "content_type": 5, "object_id": "2", "object_repr": "Event object (2)", "action_flag": 1, "change_message": "[{\"added\": {}}]"}}, {"model": "admin.logentry", "pk": 13, "fields": {"action_time": "2023-05-15T22:18:24.447Z", "user": 1, "content_type": 3, "object_id": "2", "object_repr": "Player object (2)", "action_flag": 1, "change_message": "[{\"added\": {}}]"}}, {"model": "admin.logentry", "pk": 14, "fields": {"action_time": "2023-05-15T22:19:39.334Z", "user": 1, "content_type": 3, "object_id": "3", "object_repr": "Player object (3)", "action_flag": 1, "change_message": "[{\"added\": {}}]"}}, {"model": "admin.logentry", "pk": 15, "fields": {"action_time": "2023-05-15T22:19:53.748Z", "user": 1, "content_type": 6, "object_id": "1", "object_repr": "Change object (1)", "action_flag": 1, "change_message": "[{\"added\": {}}]"}}, {"model": "admin.logentry", "pk": 16, "fields": {"action_time": "2023-05-15T22:54:39.178Z", "user": 1, "content_type": 3, "object_id": "2", "object_repr": "Player object (2)", "action_flag": 2, "change_message": "[{\"changed\": {\"fields\": [\"Team\"]}}]"}}, {"model": "admin.logentry", "pk": 17, "fields": {"action_time": "2023-05-15T22:54:43.367Z", "user": 1, "content_type": 3, "object_id": "3", "object_repr": "Player object (3)", "action_flag": 2, "change_message": "[{\"changed\": {\"fields\": [\"Team\"]}}]"}}, {"model": "admin.logentry", "pk": 18, "fields": {"action_time": "2023-05-16T10:39:58.012Z", "user": 1, "content_type": 5, "object_id": "3", "object_repr": "Event object (3)", "action_flag": 1, "change_message": "[{\"added\": {}}]"}}, {"model": "admin.logentry", "pk": 19, "fields": {"action_time": "2023-05-16T10:43:57.453Z", "user": 1, "content_type": 5, "object_id": "4", "object_repr": "Event object (4)", "action_flag": 1, "change_message": "[{\"added\": {}}]"}}, {"model": "admin.logentry", "pk": 20, "fields": {"action_time": "2023-05-16T10:44:07.094Z", "user": 1, "content_type": 5, "object_id": "5", "object_repr": "Event object (5)", "action_flag": 1, "change_message": "[{\"added\": {}}]"}}, {"model": "admin.logentry", "pk": 21, "fields": {"action_time": "2023-05-16T11:19:20.728Z", "user": 1, "content_type": 5, "object_id": "6", "object_repr": "Manchester City - Arsenal (kolejka: 1) (82') GPEN", "action_flag": 1, "change_message": "[{\"added\": {}}]"}}, {"model": "admin.logentry", "pk": 22, "fields": {"action_time": "2023-05-16T13:21:55.267Z", "user": 1, "content_type": 4, "object_id": "3", "object_repr": "Manchester City - Chelsea (kolejka: 2)", "action_flag": 1, "change_message": "[{\"added\": {}}]"}}, {"model": "admin.logentry", "pk": 23, "fields": {"action_time": "2023-05-16T13:22:15.287Z", "user": 1, "content_type": 5, "object_id": "7", "object_repr": "Manchester City - Chelsea (kolejka: 2) (16') GOAL", "action_flag": 1, "change_message": "[{\"added\": {}}]"}}, {"model": "admin.logentry", "pk": 24, "fields": {"action_time": "2023-05-17T18:28:06.654Z", "user": 1, "content_type": 3, "object_id": "4", "object_repr": "Kyle Walker", "action_flag": 1, "change_message": "[{\"added\": {}}]"}}, {"model": "admin.logentry", "pk": 25, "fields": {"action_time": "2023-05-21T22:00:09.098Z", "user": 1, "content_type": 3, "object_id": "5", "object_repr": "Mikel Ederson", "action_flag": 1, "change_message": "[{\"added\": {}}]"}}, {"model": "admin.logentry", "pk": 26, "fields": {"action_time": "2023-05-21T22:01:03.229Z", "user": 1, "content_type": 3, "object_id": "6", "object_repr": "Kai Havertz", "action_flag": 1, "change_message": "[{\"added\": {}}]"}}, {"model": "admin.logentry", "pk": 27, "fields": {"action_time": "2023-05-21T22:02:10.303Z", "user": 1, "content_type": 3, "object_id": "7", "object_repr": "Edouard Mendy", "action_flag": 1, "change_message": "[{\"added\": {}}]"}}, {"model": "admin.logentry", "pk": 28, "fields": {"action_time": "2023-05-21T22:02:58.412Z", "user": 1, "content_type": 3, "object_id": "8", "object_repr": "Reece James", "action_flag": 1, "change_message": "[{\"added\": {}}]"}}, {"model": "admin.logentry", "pk": 29, "fields": {"action_time": "2023-05-21T22:03:51.463Z", "user": 1, "content_type": 3, "object_id": "9", "object_repr": "Raheem Sterling", "action_flag": 1, "change_message": "[{\"added\": {}}]"}}, {"model": "admin.logentry", "pk": 30, "fields": {"action_time": "2023-05-21T22:13:48.626Z", "user": 1, "content_type": 1, "object_id": "3", "object_repr": "Stamford Bridge", "action_flag": 2, "change_message": "[{\"changed\": {\"fields\": [\"Name\"]}}]"}}, {"model": "admin.logentry", "pk": 31, "fields": {"action_time": "2023-05-21T22:14:07.627Z", "user": 1, "content_type": 3, "object_id": "3", "object_repr": "Phil Foden", "action_flag": 2, "change_message": "[{\"changed\": {\"fields\": [\"Last name\"]}}]"}}, {"model": "admin.logentry", "pk": 32, "fields": {"action_time": "2023-05-21T22:14:52.421Z", "user": 1, "content_type": 3, "object_id": "5", "object_repr": "Ederson Santana de Moraes", "action_flag": 2, "change_message": "[{\"changed\": {\"fields\": [\"First name\", \"Last name\"]}}]"}}, {"model": "admin.logentry", "pk": 33, "fields": {"action_time": "2023-05-21T22:16:11.744Z", "user": 1, "content_type": 2, "object_id": "4", "object_repr": "Liverpool", "action_flag": 1, "change_message": "[{\"added\": {}}]"}}, {"model": "admin.logentry", "pk": 34, "fields": {"action_time": "2023-05-21T22:16:39.682Z", "user": 1, "content_type": 1, "object_id": "4", "object_repr": "Anfield Road", "action_flag": 1, "change_message": "[{\"added\": {}}]"}}, {"model": "admin.logentry", "pk": 35, "fields": {"action_time": "2023-05-21T22:16:49.922Z", "user": 1, "content_type": 2, "object_id": "4", "object_repr": "Liverpool", "action_flag": 2, "change_message": "[{\"changed\": {\"fields\": [\"Stadium\"]}}]"}}, {"model": "admin.logentry", "pk": 36, "fields": {"action_time": "2023-05-21T22:17:13.013Z", "user": 1, "content_type": 4, "object_id": "1", "object_repr": "Manchester City - Liverpool (kolejka: 1)", "action_flag": 2, "change_message": "[{\"changed\": {\"fields\": [\"Guest\"]}}]"}}, {"model": "admin.logentry", "pk": 37, "fields": {"action_time": "2023-05-21T22:18:13.439Z", "user": 1, "content_type": 3, "object_id": "10", "object_repr": "Martin Odegaard", "action_flag": 1, "change_message": "[{\"added\": {}}]"}}, {"model": "admin.logentry", "pk": 38, "fields": {"action_time": "2023-05-21T22:18:50.767Z", "user": 1, "content_type": 3, "object_id": "11", "object_repr": "Gabriel Jesus", "action_flag": 1, "change_message": "[{\"added\": {}}]"}}, {"model": "admin.logentry", "pk": 39, "fields": {"action_time": "2023-05-21T22:19:37.276Z", "user": 1, "content_type": 3, "object_id": "12", "object_repr": "Granit Xhaka", "action_flag": 1, "change_message": "[{\"added\": {}}]"}}, {"model": "admin.logentry", "pk": 40, "fields": {"action_time": "2023-05-21T22:20:27.352Z", "user": 1, "content_type": 3, "object_id": "13", "object_repr": "Ołeksandr Zinczenko", "action_flag": 1, "change_message": "[{\"added\": {}}]"}}, {"model": "admin.logentry", "pk": 41, "fields": {"action_time": "2023-05-21T22:21:06.911Z", "user": 1, "content_type": 3, "object_id": "14", "object_repr": "Bukayo Saka", "action_flag": 1, "change_message": "[{\"added\": {}}]"}}, {"model": "admin.logentry", "pk": 42, "fields": {"action_time": "2023-05-21T22:21:45.409Z", "user": 1, "content_type": 3, "object_id": "15", "object_repr": "Kieran Tierney", "action_flag": 1, "change_message": "[{\"added\": {}}]"}}, {"model": "admin.logentry", "pk": 43, "fields": {"action_time": "2023-05-21T22:23:00.451Z", "user": 1, "content_type": 3, "object_id": "16", "object_repr": "Trent Aleksander Arnold", "action_flag": 1, "change_message": "[{\"added\": {}}]"}}, {"model": "admin.logentry", "pk": 44, "fields": {"action_time": "2023-05-21T22:23:35.767Z", "user": 1, "content_type": 3, "object_id": "17", "object_repr": "Mohamed Salah", "action_flag": 1, "change_message": "[{\"added\": {}}]"}}, {"model": "admin.logentry", "pk": 45, "fields": {"action_time": "2023-05-21T22:24:12.354Z", "user": 1, "content_type": 3, "object_id": "18", "object_repr": "Darwin Nunez", "action_flag": 1, "change_message": "[{\"added\": {}}]"}}, {"model": "admin.logentry", "pk": 46, "fields": {"action_time": "2023-05-21T22:24:47.911Z", "user": 1, "content_type": 3, "object_id": "19", "object_repr": "Virgil van Dijk", "action_flag": 1, "change_message": "[{\"added\": {}}]"}}, {"model": "admin.logentry", "pk": 47, "fields": {"action_time": "2023-05-21T22:25:26.984Z", "user": 1, "content_type": 3, "object_id": "20", "object_repr": "Jordan Henderson", "action_flag": 1, "change_message": "[{\"added\": {}}]"}}, {"model": "admin.logentry", "pk": 48, "fields": {"action_time": "2023-05-21T22:27:29.633Z", "user": 1, "content_type": 4, "object_id": "4", "object_repr": "Arsenal - Liverpool (kolejka: 2)", "action_flag": 1, "change_message": "[{\"added\": {}}]"}}, {"model": "admin.logentry", "pk": 49, "fields": {"action_time": "2023-05-21T22:28:31.064Z", "user": 1, "content_type": 4, "object_id": "5", "object_repr": "Arsenal - Manchester City (kolejka: 3)", "action_flag": 1, "change_message": "[{\"added\": {}}]"}}, {"model": "admin.logentry", "pk": 50, "fields": {"action_time": "2023-05-21T22:28:51.394Z", "user": 1, "content_type": 4, "object_id": "6", "object_repr": "Chelsea - Liverpool (kolejka: 3)", "action_flag": 1, "change_message": "[{\"added\": {}}]"}}, {"model": "admin.logentry", "pk": 51, "fields": {"action_time": "2023-05-21T22:29:20.722Z", "user": 1, "content_type": 4, "object_id": "7", "object_repr": "Liverpool - Manchester City (kolejka: 4)", "action_flag": 1, "change_message": "[{\"added\": {}}]"}}, {"model": "admin.logentry", "pk": 52, "fields": {"action_time": "2023-05-21T22:29:35.576Z", "user": 1, "content_type": 4, "object_id": "8", "object_repr": "Chelsea - Arsenal (kolejka: 4)", "action_flag": 1, "change_message": "[{\"added\": {}}]"}}, {"model": "admin.logentry", "pk": 53, "fields": {"action_time": "2023-05-21T22:30:48.216Z", "user": 1, "content_type": 5, "object_id": "8", "object_repr": "Arsenal - Liverpool (kolejka: 2) (12') GOAL", "action_flag": 1, "change_message": "[{\"added\": {}}]"}}, {"model": "admin.logentry", "pk": 54, "fields": {"action_time": "2023-05-21T22:31:02.473Z", "user": 1, "content_type": 5, "object_id": "9", "object_repr": "Arsenal - Liverpool (kolejka: 2) (46') GOAL", "action_flag": 1, "change_message": "[{\"added\": {}}]"}}, {"model": "admin.logentry", "pk": 55, "fields": {"action_time": "2023-05-21T22:31:16.571Z", "user": 1, "content_type": 5, "object_id": "10", "object_repr": "Arsenal - Liverpool (kolejka: 2) (76') GOAL", "action_flag": 1, "change_message": "[{\"added\": {}}]"}}, {"model": "admin.logentry", "pk": 56, "fields": {"action_time": "2023-05-21T22:31:37.354Z", "user": 1, "content_type": 5, "object_id": "11", "object_repr": "Arsenal - Liverpool (kolejka: 2) (4') GOAL", "action_flag": 1, "change_message": "[{\"added\": {}}]"}}, {"model": "admin.logentry", "pk": 57, "fields": {"action_time": "2023-05-21T22:31:50.548Z", "user": 1, "content_type": 5, "object_id": "12", "object_repr": "Arsenal - Liverpool (kolejka: 2) (90') GOAL", "action_flag": 1, "change_message": "[{\"added\": {}}]"}}, {"model": "admin.logentry", "pk": 58, "fields": {"action_time": "2023-05-21T22:32:15.959Z", "user": 1, "content_type": 5, "object_id": "13", "object_repr": "Arsenal - Chelsea (kolejka: 1) (41') GOAL", "action_flag": 1, "change_message": "[{\"added\": {}}]"}}, {"model": "admin.logentry", "pk": 59, "fields": {"action_time": "2023-05-21T22:32:27.301Z", "user": 1, "content_type": 5, "object_id": "14", "object_repr": "Arsenal - Chelsea (kolejka: 1) (51') GOAL", "action_flag": 1, "change_message": "[{\"added\": {}}]"}}, {"model": "admin.logentry", "pk": 60, "fields": {"action_time": "2023-05-21T22:32:40.089Z", "user": 1, "content_type": 5, "object_id": "15", "object_repr": "Arsenal - Chelsea (kolejka: 1) (54') GOAL", "action_flag": 1, "change_message": "[{\"added\": {}}]"}}, {"model": "admin.logentry", "pk": 61, "fields": {"action_time": "2023-05-21T22:32:58.328Z", "user": 1, "content_type": 5, "object_id": "16", "object_repr": "Arsenal - Manchester City (kolejka: 3) (12') GOAL", "action_flag": 1, "change_message": "[{\"added\": {}}]"}}, {"model": "admin.logentry", "pk": 62, "fields": {"action_time": "2023-05-21T22:33:16.713Z", "user": 1, "content_type": 5, "object_id": "17", "object_repr": "Chelsea - Liverpool (kolejka: 3) (56') GOAL", "action_flag": 1, "change_message": "[{\"added\": {}}]"}}, {"model": "admin.logentry", "pk": 63, "fields": {"action_time": "2023-05-21T22:33:29.316Z", "user": 1, "content_type": 5, "object_id": "18", "object_repr": "Chelsea - Liverpool (kolejka: 3) (15') GOAL", "action_flag": 1, "change_message": "[{\"added\": {}}]"}}, {"model": "admin.logentry", "pk": 64, "fields": {"action_time": "2023-05-21T22:33:46.802Z", "user": 1, "content_type": 5, "object_id": "19", "object_repr": "Chelsea - Liverpool (kolejka: 3) (18') GOAL", "action_flag": 1, "change_message": "[{\"added\": {}}]"}}, {"model": "admin.logentry", "pk": 65, "fields": {"action_time": "2023-05-21T22:34:58.147Z", "user": 1, "content_type": 5, "object_id": "20", "object_repr": "Chelsea - Liverpool (kolejka: 3) (89') GOAL", "action_flag": 1, "change_message": "[{\"added\": {}}]"}}, {"model": "admin.logentry", "pk": 66, "fields": {"action_time": "2023-05-21T22:35:08.657Z", "user": 1, "content_type": 5, "object_id": "21", "object_repr": "Liverpool - Manchester City (kolejka: 4) (14') GOAL", "action_flag": 1, "change_message": "[{\"added\": {}}]"}}, {"model": "admin.logentry", "pk": 67, "fields": {"action_time": "2023-05-21T22:35:18.845Z", "user": 1, "content_type": 5, "object_id": "22", "object_repr": "Liverpool - Manchester City (kolejka: 4) (18') GOAL", "action_flag": 1, "change_message": "[{\"added\": {}}]"}}, {"model": "admin.logentry", "pk": 68, "fields": {"action_time": "2023-05-21T22:35:29.929Z", "user": 1, "content_type": 5, "object_id": "23", "object_repr": "Liverpool - Manchester City (kolejka: 4) (45') GOAL", "action_flag": 1, "change_message": "[{\"added\": {}}]"}}, {"model": "admin.logentry", "pk": 69, "fields": {"action_time": "2023-05-21T22:35:42.110Z", "user": 1, "content_type": 5, "object_id": "24", "object_repr": "Liverpool - Manchester City (kolejka: 4) (68') GOAL", "action_flag": 1, "change_message": "[{\"added\": {}}]"}}, {"model": "admin.logentry", "pk": 70, "fields": {"action_time": "2023-05-21T22:35:53.158Z", "user": 1, "content_type": 5, "object_id": "25", "object_repr": "Chelsea - Arsenal (kolejka: 4) (51') GOAL", "action_flag": 1, "change_message": "[{\"added\": {}}]"}}, {"model": "admin.logentry", "pk": 71, "fields": {"action_time": "2023-05-21T22:36:03.177Z", "user": 1, "content_type": 5, "object_id": "26", "object_repr": "Chelsea - Arsenal (kolejka: 4) (14') GOAL", "action_flag": 1, "change_message": "[{\"added\": {}}]"}}, {"model": "admin.logentry", "pk": 72, "fields": {"action_time": "2023-05-21T22:36:18.079Z", "user": 1, "content_type": 5, "object_id": "27", "object_repr": "Liverpool - Manchester City (kolejka: 4) (19') GOAL", "action_flag": 1, "change_message": "[{\"added\": {}}]"}}, {"model": "auth.permission", "pk": 1, "fields": {"name": "Can add stadium", "content_type": 1, "codename": "add_stadium"}}, {"model": "auth.permission", "pk": 2, "fields": {"name": "Can change stadium", "content_type": 1, "codename": "change_stadium"}}, {"model": "auth.permission", "pk": 3, "fields": {"name": "Can delete stadium", "content_type": 1, "codename": "delete_stadium"}}, {"model": "auth.permission", "pk": 4, "fields": {"name": "Can view stadium", "content_type": 1, "codename": "view_stadium"}}, {"model": "auth.permission", "pk": 5, "fields": {"name": "Can add team", "content_type": 2, "codename": "add_team"}}, {"model": "auth.permission", "pk": 6, "fields": {"name": "Can change team", "content_type": 2, "codename": "change_team"}}, {"model": "auth.permission", "pk": 7, "fields": {"name": "Can delete team", "content_type": 2, "codename": "delete_team"}}, {"model": "auth.permission", "pk": 8, "fields": {"name": "Can view team", "content_type": 2, "codename": "view_team"}}, {"model": "auth.permission", "pk": 9, "fields": {"name": "Can add player", "content_type": 3, "codename": "add_player"}}, {"model": "auth.permission", "pk": 10, "fields": {"name": "Can change player", "content_type": 3, "codename": "change_player"}}, {"model": "auth.permission", "pk": 11, "fields": {"name": "Can delete player", "content_type": 3, "codename": "delete_player"}}, {"model": "auth.permission", "pk": 12, "fields": {"name": "Can view player", "content_type": 3, "codename": "view_player"}}, {"model": "auth.permission", "pk": 13, "fields": {"name": "Can add match", "content_type": 4, "codename": "add_match"}}, {"model": "auth.permission", "pk": 14, "fields": {"name": "Can change match", "content_type": 4, "codename": "change_match"}}, {"model": "auth.permission", "pk": 15, "fields": {"name": "Can delete match", "content_type": 4, "codename": "delete_match"}}, {"model": "auth.permission", "pk": 16, "fields": {"name": "Can view match", "content_type": 4, "codename": "view_match"}}, {"model": "auth.permission", "pk": 17, "fields": {"name": "Can add event", "content_type": 5, "codename": "add_event"}}, {"model": "auth.permission", "pk": 18, "fields": {"name": "Can change event", "content_type": 5, "codename": "change_event"}}, {"model": "auth.permission", "pk": 19, "fields": {"name": "Can delete event", "content_type": 5, "codename": "delete_event"}}, {"model": "auth.permission", "pk": 20, "fields": {"name": "Can view event", "content_type": 5, "codename": "view_event"}}, {"model": "auth.permission", "pk": 21, "fields": {"name": "Can add change", "content_type": 6, "codename": "add_change"}}, {"model": "auth.permission", "pk": 22, "fields": {"name": "Can change change", "content_type": 6, "codename": "change_change"}}, {"model": "auth.permission", "pk": 23, "fields": {"name": "Can delete change", "content_type": 6, "codename": "delete_change"}}, {"model": "auth.permission", "pk": 24, "fields": {"name": "Can view change", "content_type": 6, "codename": "view_change"}}, {"model": "auth.permission", "pk": 25, "fields": {"name": "Can add log entry", "content_type": 7, "codename": "add_logentry"}}, {"model": "auth.permission", "pk": 26, "fields": {"name": "Can change log entry", "content_type": 7, "codename": "change_logentry"}}, {"model": "auth.permission", "pk": 27, "fields": {"name": "Can delete log entry", "content_type": 7, "codename": "delete_logentry"}}, {"model": "auth.permission", "pk": 28, "fields": {"name": "Can view log entry", "content_type": 7, "codename": "view_logentry"}}, {"model": "auth.permission", "pk": 29, "fields": {"name": "Can add permission", "content_type": 8, "codename": "add_permission"}}, {"model": "auth.permission", "pk": 30, "fields": {"name": "Can change permission", "content_type": 8, "codename": "change_permission"}}, {"model": "auth.permission", "pk": 31, "fields": {"name": "Can delete permission", "content_type": 8, "codename": "delete_permission"}}, {"model": "auth.permission", "pk": 32, "fields": {"name": "Can view permission", "content_type": 8, "codename": "view_permission"}}, {"model": "auth.permission", "pk": 33, "fields": {"name": "Can add group", "content_type": 9, "codename": "add_group"}}, {"model": "auth.permission", "pk": 34, "fields": {"name": "Can change group", "content_type": 9, "codename": "change_group"}}, {"model": "auth.permission", "pk": 35, "fields": {"name": "Can delete group", "content_type": 9, "codename": "delete_group"}}, {"model": "auth.permission", "pk": 36, "fields": {"name": "Can view group", "content_type": 9, "codename": "view_group"}}, {"model": "auth.permission", "pk": 37, "fields": {"name": "Can add user", "content_type": 10, "codename": "add_user"}}, {"model": "auth.permission", "pk": 38, "fields": {"name": "Can change user", "content_type": 10, "codename": "change_user"}}, {"model": "auth.permission", "pk": 39, "fields": {"name": "Can delete user", "content_type": 10, "codename": "delete_user"}}, {"model": "auth.permission", "pk": 40, "fields": {"name": "Can view user", "content_type": 10, "codename": "view_user"}}, {"model": "auth.permission", "pk": 41, "fields": {"name": "Can add content type", "content_type": 11, "codename": "add_contenttype"}}, {"model": "auth.permission", "pk": 42, "fields": {"name": "Can change content type", "content_type": 11, "codename": "change_contenttype"}}, {"model": "auth.permission", "pk": 43, "fields": {"name": "Can delete content type", "content_type": 11, "codename": "delete_contenttype"}}, {"model": "auth.permission", "pk": 44, "fields": {"name": "Can view content type", "content_type": 11, "codename": "view_contenttype"}}, {"model": "auth.permission", "pk": 45, "fields": {"name": "Can add session", "content_type": 12, "codename": "add_session"}}, {"model": "auth.permission", "pk": 46, "fields": {"name": "Can change session", "content_type": 12, "codename": "change_session"}}, {"model": "auth.permission", "pk": 47, "fields": {"name": "Can delete session", "content_type": 12, "codename": "delete_session"}}, {"model": "auth.permission", "pk": 48, "fields": {"name": "Can view session", "content_type": 12, "codename": "view_session"}}, {"model": "auth.permission", "pk": 49, "fields": {"name": "Can add captcha store", "content_type": 13, "codename": "add_captchastore"}}, {"model": "auth.permission", "pk": 50, "fields": {"name": "Can change captcha store", "content_type": 13, "codename": "change_captchastore"}}, {"model": "auth.permission", "pk": 51, "fields": {"name": "Can delete captcha store", "content_type": 13, "codename": "delete_captchastore"}}, {"model": "auth.permission", "pk": 52, "fields": {"name": "Can view captcha store", "content_type": 13, "codename": "view_captchastore"}}, {"model": "auth.user", "pk": 1, "fields": {"password": "pbkdf2_sha256$600000$DLL2hH6zMv7AM34YQkNl3N$aUN8oXmUmTnnsLMytJyhAZIbTMqYNnG+ZDVYEunMvDI=", "last_login": "2023-05-30T10:17:10.065Z", "is_superuser": true, "username": "admin", "first_name": "", "last_name": "", "email": "admin@superliga.pl", "is_staff": true, "is_active": true, "date_joined": "2023-05-15T17:00:10.352Z", "groups": [], "user_permissions": []}}, {"model": "contenttypes.contenttype", "pk": 1, "fields": {"app_label": "main", "model": "stadium"}}, {"model": "contenttypes.contenttype", "pk": 2, "fields": {"app_label": "main", "model": "team"}}, {"model": "contenttypes.contenttype", "pk": 3, "fields": {"app_label": "main", "model": "player"}}, {"model": "contenttypes.contenttype", "pk": 4, "fields": {"app_label": "main", "model": "match"}}, {"model": "contenttypes.contenttype", "pk": 5, "fields": {"app_label": "main", "model": "event"}}, {"model": "contenttypes.contenttype", "pk": 6, "fields": {"app_label": "main", "model": "change"}}, {"model": "contenttypes.contenttype", "pk": 7, "fields": {"app_label": "admin", "model": "logentry"}}, {"model": "contenttypes.contenttype", "pk": 8, "fields": {"app_label": "auth", "model": "permission"}}, {"model": "contenttypes.contenttype", "pk": 9, "fields": {"app_label": "auth", "model": "group"}}, {"model": "contenttypes.contenttype", "pk": 10, "fields": {"app_label": "auth", "model": "user"}}, {"model": "contenttypes.contenttype", "pk": 11, "fields": {"app_label": "contenttypes", "model": "contenttype"}}, {"model": "contenttypes.contenttype", "pk": 12, "fields": {"app_label": "sessions", "model": "session"}}, {"model": "contenttypes.contenttype", "pk": 13, "fields": {"app_label": "captcha", "model": "captchastore"}}, {"model": "sessions.session", "pk": "5m0ijo6ybrhwvv5of4d30r9eebhe79jn", "fields": {"session_data": ".eJxVjEEOwiAQRe_C2pBSYACX7j0DmRmoVA0kpV0Z765NutDtf-_9l4i4rSVuPS9xTuIslDj9boT8yHUH6Y711iS3ui4zyV2RB-3y2lJ-Xg7376BgL9-aJ5XDSA7skD2Z4EfNGAKEpMGws94gD8kljxMDsNIuAxrWZMEheSXeH-IUN-o:1pys5e:uCJJHF1IIv8jG92E5nfz_fElbEB8tV-sR69lsd4BtiY", "expire_date": "2023-05-30T10:39:34.341Z"}}, {"model": "sessions.session", "pk": "ddnazolwvfs1tiqvs7feb1w9mgbizqps", "fields": {"session_data": ".eJxVjDsOwjAQBe_iGln-O6ak5wzW7nqNAyiR4qRC3B0ipYD2zcx7iQzb2vLWecljEWehxel3Q6AHTzsod5hus6R5WpcR5a7Ig3Z5nQs_L4f7d9Cgt2_NysIAKnJAhDJYYiIVIDmjQ_U-kGOdHGMEB8YwFVvQhqoqekw1RvH-AAZtOOg:1q0eO1:Vd8gIEBW8nyLp7iWfTphhF2S2hnQPVj9y4Y4ahM3C3s", "expire_date": "2023-06-04T08:25:53.991Z"}}, {"model": "sessions.session", "pk": "wn56vezl5r4etcjj5sqr1lgli20mbv6z", "fields": {"session_data": ".eJxVjDsOwjAQBe_iGlm2E_8o6TmDtc7u4gBypDipEHcHSymgfTPzXiLBvpW0N1rTjOIstDj9bhmmB9UO8A71tshpqds6Z9kVedAmrwvS83K4fwcFWvnWITN6gIBEDE4bYz0wD9FGj6NRKhAAMXagOVPI44DWEbmoickq8f4AFAs4-w:1q3wPe:ZUTS99ONfG2WjL0nLC7bk9CL_U_wb6U-q3i2H-Q4wu8", "expire_date": "2023-06-13T10:17:10.067Z"}}]